{"roc_auc": 0.6773767728352162, "recall": 0.5024218405988551, "precision": 0.20024570024570024, "threshold": 0.12338987617017036}